{
 "minBaseValue": 0.010375492380475335,
 "maxBaseValue": 589.6307056114257
}