{
 "minBaseValue": 0.009646552487425214,
 "maxBaseValue": 609.8221862995529
}