{
 "minBaseValue": 0.012576666238649848,
 "maxBaseValue": 609.7565492027611
}