{
 "minBaseValue": 0.012572260077421028,
 "maxBaseValue": 609.8116997780162
}