{
 "trainedAt": "2026-07-24T12:08:20.774161+00:00",
 "nRows": 19255,
 "nTrain": 16366,
 "nTest": 2889,
 "alpha": 1.0,
 "cvR2ByAlpha": {
  "0.01": 0.8763236456224923,
  "0.01778279410038923": 0.8766124225631572,
  "0.03162277660168379": 0.8770213512600094,
  "0.05623413251903491": 0.8776081072459643,
  "0.1": 0.8784095208662974,
  "0.1778279410038923": 0.8794804952673385,
  "0.31622776601683794": 0.8807381356586674,
  "0.5623413251903491": 0.8820188102147659,
  "1.0": 0.8829051141352704,
  "1.7782794100389228": 0.8828277672089303,
  "3.1622776601683795": 0.8811389111006678,
  "5.623413251903491": 0.8768583149676161,
  "10.0": 0.8684826085206072,
  "17.78279410038923": 0.8540006939279898,
  "31.622776601683793": 0.8313130620813993,
  "56.23413251903491": 0.7986913516043017,
  "100.0": 0.7551843964818145,
  "177.82794100389228": 0.7011677643769832,
  "316.22776601683796": 0.6389129173537642,
  "562.341325190349": 0.5719099120311666,
  "1000.0": 0.5026298442221401
 },
 "testR2": 0.8843110945004322,
 "testMedianAPE": 0.3930331350788401,
 "testMeanAPE": 0.6721453736230055,
 "categoryCardinality": {
  "pokemon": 1026,
  "rarity": 30,
  "illustrator": 397,
  "set": 170,
  "cardType": 17,
  "cardName": 1489
 }
}