{
 "trainedAt": "2026-07-24T08:20:18.590511+00:00",
 "nRows": 19256,
 "nTrain": 16367,
 "nTest": 2889,
 "alpha": 1.7782794100389228,
 "cvR2ByAlpha": {
  "0.01": 0.8752799409393306,
  "0.01778279410038923": 0.8755446457340247,
  "0.03162277660168379": 0.875922042763906,
  "0.05623413251903491": 0.8765050658846425,
  "0.1": 0.8772731985209464,
  "0.1778279410038923": 0.8783505117920504,
  "0.31622776601683794": 0.8796395715861749,
  "0.5623413251903491": 0.8809846930244767,
  "1.0": 0.882006400694431,
  "1.7782794100389228": 0.8821029762405074,
  "3.1622776601683795": 0.8805645789123229,
  "5.623413251903491": 0.8764087979227716,
  "10.0": 0.8681407427469215,
  "17.78279410038923": 0.8537814614746789,
  "31.622776601683793": 0.8312225412525202,
  "56.23413251903491": 0.7987173368246338,
  "100.0": 0.7552885487473826,
  "177.82794100389228": 0.7013047410583082,
  "316.22776601683796": 0.6390473008381672,
  "562.341325190349": 0.5720244223170916,
  "1000.0": 0.5027188059014408
 },
 "testR2": 0.8861183029768632,
 "testMedianAPE": 0.39039722316777903,
 "testMeanAPE": 0.6695675199973703,
 "categoryCardinality": {
  "pokemon": 1026,
  "rarity": 30,
  "illustrator": 397,
  "set": 170,
  "cardType": 17,
  "cardName": 1489
 }
}