{
 "trainedAt": "2026-07-24T06:12:23.186814+00:00",
 "nRows": 19436,
 "nTrain": 16520,
 "nTest": 2916,
 "alpha": 1.0,
 "cvR2ByAlpha": {
  "0.01": 0.8759531716866131,
  "0.01778279410038923": 0.8760045300058774,
  "0.03162277660168379": 0.8760805640543005,
  "0.05623413251903491": 0.8762175273626175,
  "0.1": 0.8764176145345705,
  "0.1778279410038923": 0.876712113655843,
  "0.31622776601683794": 0.8770746654579786,
  "0.5623413251903491": 0.8774551619176997,
  "1.0": 0.8776919772909331,
  "1.7782794100389228": 0.8774322444163326,
  "3.1622776601683795": 0.875974838944783,
  "5.623413251903491": 0.8722042154323066,
  "10.0": 0.8644646341100959,
  "17.78279410038923": 0.850648560793795,
  "31.622776601683793": 0.8285742450339446,
  "56.23413251903491": 0.796439368815224,
  "100.0": 0.7532997125137141,
  "177.82794100389228": 0.6996137539256972,
  "316.22776601683796": 0.6377046281695401,
  "562.341325190349": 0.5710292523956954,
  "1000.0": 0.5020061854925982
 },
 "testR2": 0.876524763643808,
 "testMedianAPE": 0.404463954324889,
 "testMeanAPE": 0.699644391983989,
 "categoryCardinality": {
  "pokemon": 1026,
  "rarity": 30,
  "illustrator": 397,
  "set": 170,
  "cardType": 17
 }
}